EXAMINATION OF DATABASE TECHNOLOGY
NAMES: IRANZI CLAUDE
REG: 223005124
YEAR: YEAR 2
SEMESTER: SEMESTER 1


                          PART A

MariaDB [DBMS_EXAM]> CREATE TABLE client_master (
    -> clientNO CHAR(50) PRIMARY KEY,
    -> name CHAR(50) NOT NULL,
    -> adress CHAR(50) NOT NULL,
    -> city CHAR(50) NOT NULL,
    -> state CHAR(50) NOT NULL,
    -> bal_due INT NOT NULL);
Query OK, 0 rows affected (0.031 sec)

Q1)
MariaDB [DBMS_EXAM]> INSERT INTO client_master VALUES
    -> ("C123", "iranzi claude", "Huye", "Huye City", "Rwanda", 2000),
    -> ("C124", "uwera nadia", "kigali", "kigali city", "Rwanda", 4000),
    -> ("C125", "uwera belyse", "rulindo 123", "rulindo", "Rwanda", 5000),
    -> ("C126", "John smith", "state 142", "US", "USA", 7000),
    -> ("C127", "Mutuzo Gabin", "kambogi", "Australia", "australia",  1500);
Query OK, 5 rows affected (0.016 sec)
Records: 5  Duplicates: 0  Warnings: 0

Q2)
MariaDB [DBMS_EXAM]> SELECT * FROM client_master WHERE bal_due > 5100;
+---------+------------+-----------+------+-------+---------+
| clientNO | name       | adress    | city | state | bal_due |
+---------+------------+-----------+------+-------+---------+
| C126    | John smith | state 142 | US   | USA   |    7000 |
+---------+------------+-----------+------+-------+---------+
1 row in set (0.001 sec)

Q3)
MariaDB [DBMS_EXAM]> UPDATE client_master SET bal_due = 5100 WHERE clienNo = "C123";
Query OK, 1 row affected (0.016 sec)
Rows matched: 1  Changed: 1  Warnings: 0

MariaDB [DBMS_EXAM]> SELECT * FROM Client_master;
+---------+---------------+-------------+-------------+-----------+---------+
| clientNO | name          | adress      | city        | state     | bal_due |
+---------+---------------+-------------+-------------+-----------+---------+
| C123    | iranzi claude | Huye        | Huye City   | Rwanda    |    5100 |
| C124    | uwera nadia   | kigali      | kigali city | Rwanda    |    4000 |
| C125    | uwera belyse  | rulindo 123 | rulindo     | Rwanda    |    5000 |
| C126    | John smith    | state 142   | US          | USA       |    7000 |
| C127    | Mutuzo Gabin  | kambogi     | Australia   | australia |    1500 |
+---------+---------------+-------------+-------------+-----------+---------+
5 rows in set (0.003 sec)

Q4)

MariaDB [DBMS_EXAM]> ALTER TABLE client_master RENAME Client12;
Query OK, 0 rows affected (0.016 sec)

MariaDB [DBMS_EXAM]> DESCRIBE Client12;
+---------+----------+------+-----+---------+-------+
| Field   | Type     | Null | Key | Default | Extra |
+---------+----------+------+-----+---------+-------+
| clienNO | char(50) | NO   | PRI | NULL    |       |
| name    | char(50) | NO   |     | NULL    |       |
| adress  | char(50) | NO   |     | NULL    |       |
| city    | char(50) | NO   |     | NULL    |       |
| state   | char(50) | NO   |     | NULL    |       |
| bal_due | int(11)  | NO   |     | NULL    |       |
+---------+----------+------+-----+---------+-------+

	                                                            PART B

Q1)

MariaDB [DBMS_EXAM]> CREATE TABLE DEPARTMENTS (
    -> dep_id INT AUTO_INCREMENT PRIMARY KEY,
    -> department_name VARCHAR(50) NOT NULL);
Query OK, 0 rows affected (0.033 sec)

MariaDB [DBMS_EXAM]> CREATE TABLE EMPLOYEES (
    -> empl_id int AUTO_INCREMENT PRIMARY KEY,
    -> employee_name CHAR(50) NOT NULL,
    -> dep_id INT,
    -> FOREIGN KEY (dep_id) REFERENCES DEPARTMENTS (dep_id));
Query OK, 0 rows affected (0.035 sec)


A) 

MariaDB [DBMS_EXAM]> INSERT INTO DEPARTMENTS(department_name) VALUES
    -> ("Production and operations"), ("Human resource management"), ("IT Support"), ("Finance"), ("Sales And Marketing");
Query OK, 5 rows affected (0.018 sec)
Records: 5  Duplicates: 0  Warnings: 0

MariaDB [DBMS_EXAM]> INSERT INTO EMPLOYEES (employee_name, dep_id) VALUES
    -> ("Kabera Ernest", 1), ("Uwera Keza", 2), ("Karinijabo John", 2), 
    -> ("Kwizera Dina", 1), ("Rwigamba Kenny", 2), 
    -> ("Rulabo Kenny", 2),("Kizera Confiance", 5), ("Keza Joselyne", 4), 
    -> ("Ishinwe Rwigara", 5), ("Kamikazi Marie Luice", 4);
Query OK, 10 rows affected (0.018 sec)
Records: 10  Duplicates: 0  Warnings: 0

B) 

MariaDB [DBMS_EXAM]> DESCRIBE EMPLOYEES;
+---------------+----------+------+-----+---------+----------------+
| Field         | Type     | Null | Key | Default | Extra          |
+---------------+----------+------+-----+---------+----------------+
| empl_id       | int(11)  | NO   | PRI | NULL    | auto_increment |
| employee_name | char(50) | NO   |     | NULL    |                |
| dep_id        | int(11)  | YES  | MUL | NULL    |                |
+---------------+----------+------+-----+---------+----------------+
3 rows in set (0.020 sec)

C) 

MariaDB [DBMS_EXAM]> SELECT employee_name, department_name FROM employees LEFT JOIN departments ON employees.dep_id = departments.dep_id;
+----------------------+---------------------------+
| employee_name        | department_name           |
+----------------------+---------------------------+
| Kabera Ernest        | Production and operations |
| Uwera Keza           | Human resource management |
| Karinijabo John      | Human resource management |
| Kwizera Dina         | Production and operations |
| Rwigamba Kenny       | Human resource management |
| Rulabo Kenny         | Human resource management |
| Kizera Confiance     | Sales And Marketing       |
| Keza Joselyne        | Finance                   |
| Ishinwe Rwigara      | Sales And Marketing       |
| Kamikazi Marie Luice | Finance                   |
+----------------------+---------------------------+
10 rows in set (0.001 sec)

D) 

MariaDB [DBMS_EXAM]> SELECT employee_name, department_name FROM employees RIGHT JOIN departments ON employees.dep_id = departments.de
p_id;
+----------------------+---------------------------+
| employee_name        | department_name           |
+----------------------+---------------------------+
| Kabera Ernest        | Production and operations |
| Kwizera Dina         | Production and operations |
| Uwera Keza           | Human resource management |
| Karinijabo John      | Human resource management |
| Rwigamba Kenny       | Human resource management |
| Rulabo Kenny         | Human resource management |
| NULL                 | IT Support                |
| Keza Joselyne        | Finance                   |
| Kamikazi Marie Luice | Finance                   |
| Kizera Confiance     | Sales And Marketing       |
| Ishinwe Rwigara      | Sales And Marketing       |
+----------------------+---------------------------+
11 rows in set (0.001 sec)

E) 

MariaDB [DBMS_EXAM]> ALTER TABLE employees ADD salary int NOT NULL;
Query OK, 0 rows affected (0.026 sec)
Records: 0  Duplicates: 0  Warnings: 0

employees SET salary = 2000 WHERE empl_id = 1;
Query OK, 1 row affected (0.008 sec)
Rows matched: 1  Changed: 1  Warnings: 0

MariaDB [DBMS_EXAM]> UPDATE employees SET salary = 1500 WHERE empl_id = 2;
Query OK, 1 row affected (0.017 sec)
Rows matched: 1  Changed: 1  Warnings: 0

MariaDB [DBMS_EXAM]> UPDATE employees SET salary = 2500 WHERE empl_id = 3;
Query OK, 1 row affected (0.017 sec)
Rows matched: 1  Changed: 1  Warnings: 0

MariaDB [DBMS_EXAM]> UPDATE employees SET salary = 3000 WHERE empl_id = 4;
Query OK, 1 row affected (0.016 sec)
Rows matched: 1  Changed: 1  Warnings: 0

MariaDB [DBMS_EXAM]> UPDATE employees SET salary = 1000 WHERE empl_id = 5;
Query OK, 1 row affected (0.017 sec)
Rows matched: 1  Changed: 1  Warnings: 0

MariaDB [DBMS_EXAM]> UPDATE employees SET salary = 1500 WHERE empl_id = 6;
Query OK, 1 row affected (0.018 sec)
Rows matched: 1  Changed: 1  Warnings: 0

MariaDB [DBMS_EXAM]> UPDATE employees SET salary = 3500 WHERE empl_id = 7;
Query OK, 1 row affected (0.017 sec)
Rows matched: 1  Changed: 1  Warnings: 0

MariaDB [DBMS_EXAM]> UPDATE employees SET salary = 4000 WHERE empl_id = 8;
Query OK, 1 row affected (0.016 sec)
Rows matched: 1  Changed: 1  Warnings: 0

MariaDB [DBMS_EXAM]> UPDATE employees SET salary = 1000 WHERE empl_id = 9;
Query OK, 1 row affected (0.017 sec)
Rows matched: 1  Changed: 1  Warnings: 0

MariaDB [DBMS_EXAM]> UPDATE employees SET salary = 5000 WHERE empl_id = 10;
Query OK, 1 row affected (0.017 sec)
Rows matched: 1  Changed: 1  Warnings: 0

MariaDB [DBMS_EXAM]> SELECT AVG(salary) AS average_salary FROM employees;
+----------------+
| average_salary |
+----------------+
|      2500.0000 |
+----------------+
1 row in set (0.001 sec)



MariaDB [DBMS_EXAM]> SELECT * FROM employees WHERE salary > 2500;
+---------+----------------------+--------+--------+
| empl_id | employee_name        | dep_id | salary |
+---------+----------------------+--------+--------+
|       4 | Kwizera Dina         |      1 |   3000 |
|       7 | Kizera Confiance     |      5 |   3500 |
|       8 | Keza Joselyne        |      4 |   4000 |
|      10 | Kamikazi Marie Luice |      4 |   5000 |
+---------+----------------------+--------+--------+
4 rows in set (0.001 sec)

Q7)
MariaDB [DBMS_EXAM]> CREATE TABLE STUDENTS (
    -> studentId VARCHAR(5) NOT NULL,
    -> fullnames VARCHAR(25) NOT NULL,
    -> gender varchar(6) NOT NULL,
    -> age int(2) NOT NULL,
    -> department VARCHAR(30));
Query OK, 0 rows affected (0.036 sec)

1) MariaDB [DBMS_EXAM]> CREATE VIEW list_of_students AS SELECT * FROM students;
Query OK, 0 rows affected (0.019 sec)

2) MariaDB [DBMS_EXAM]> CREATE VIEW list_of_girls AS SELECT * FROM students WHERE gender = "female";
Query OK, 0 rows affected (0.018 sec)

3) MariaDB [DBMS_EXAM]> CREATE VIEW list_of_boys AS SELECT * FROM students WHERE gender = "male";
Query OK, 0 rows affected (0.020 sec)

4) MariaDB [DBMS_EXAM]> INSERT INTO students VALUES ( "223005124", "IRANZI CLAUDE", "male", 23, "BIT"),
    -> ("223001", "uwera nadia", "female", 19, "Finance"),
    -> ("223002", "Uwineza chance", "female", 20, "Accounting"),
    -> ("223003", "uwiduhaye aliete", "female", 15, "law"),
    -> ("223005", "iyakaremye moise", "male", 18, "logistics");
Query OK, 5 rows affected, 5 warnings (0.019 sec)
Records: 5  Duplicates: 0  Warnings: 5

5) MariaDB [DBMS_EXAM]> DELETE FROM STUDENTS WHERE age < 20;
Query OK, 3 rows affected (0.016 sec)
          
OUTPUTS

MariaDB [DBMS_EXAM]> SELECT * FROM list_of_girls;
+-----------+------------------+--------+-----+------------+
| studentId | fullnames        | gender | age | department |
+-----------+------------------+--------+-----+------------+
| 22301     | uwera nadia      | female |  19 | Finance    |
| 22302     | Uwineza chance   | female |  20 | Accounting |
| 22303     | uwiduhaye aliete | female |  15 | law        |
+-----------+------------------+--------+-----+------------+
3 rows in set (0.002 sec)

MariaDB [DBMS_EXAM]> SELECT * FROM list_of_boys;
+-----------+------------------+--------+-----+------------+
| studentId | fullnames        | gender | age | department |
+-----------+------------------+--------+-----+------------+
| 22304     | IRANZI CLAUDE    | male   |  23 | BIT        |
| 22305     | iyakaremye moise | male   |  18 | logistics  |
+-----------+------------------+--------+-----+------------+
3 rows in set (0.002 sec)

                                                                 PART C
Q8)
1) 
MariaDB [DBMS_EXAM]> CREATE TABLE Customer (
    -> cust_id int auto_increment primary key,
    -> L_name varchar(30) NOT NULL,
    -> gender CHAR(40) NOT NULL,
    -> maritual_status CHAR(40) NOT NULL,
    -> phone_number int(11) NOT NULL,
    -> email VARCHAR(50) NOT NULL);
Query OK, 0 rows affected (0.037 sec)


MariaDB [DBMS_EXAM]> CREATE TABLE Savings (
    -> saving_id int auto_increment primary key,
    -> amount int not null,
    -> date DATE NOT NULL,
    -> cust_id int NOT NULL,
    -> FOREIGN KEY (cust_id) REFERENCES Customer (cust_id)
    -> );
Query OK, 0 rows affected (0.035 sec)

MariaDB [dbms_exam]> CREATE TABLE Type (
    -> type_id int auto_increment primary key,
    -> typename varchar(50) NOT NULL);
Query OK, 0 rows affected (0.032 sec)

MariaDB [dbms_exam]> CREATE TABLE Account (
    -> acc_id int auto_increment primary key,
    -> acc_number int NOT NULL,
    -> typeid int NOT NULL,
    -> custid int NOT NULL,
    -> FOREIGN KEY (typeid) REFERENCES Type (type_id),
    -> FOREIGN KEY (custid) REFERENCES Customer ( cust_id)
    -> );
Query OK, 0 rows affected (0.032 sec)

2) 

MariaDB [dbms_exam]> DESCRIBE CUSTOMER;
+-----------------+-------------+------+-----+---------+----------------+
| Field           | Type        | Null | Key | Default | Extra          |
+-----------------+-------------+------+-----+---------+----------------+
| cust_id         | int(11)     | NO   | PRI | NULL    | auto_increment |
| L_name          | varchar(30) | NO   |     | NULL    |                |
| gender          | char(40)    | NO   |     | NULL    |                |
| maritual_status | char(40)    | NO   |     | NULL    |                |
| phone_number    | int(11)     | NO   |     | NULL    |                |
| email           | varchar(50) | NO   |     | NULL    |                |
| acc_id          | int(11)     | NO   | MUL | NULL    |                |
| AMOUNT          | int(11)     | NO   |     | NULL    |                |
| F_name          | varchar(50) | NO   |     | NULL    |                |
+-----------------+-------------+------+-----+---------+----------------+
9 rows in set (0.009 sec)

MariaDB [dbms_exam]> DESCRIBE TYPE;
+----------+-------------+------+-----+---------+----------------+
| Field    | Type        | Null | Key | Default | Extra          |
+----------+-------------+------+-----+---------+----------------+
| type_id  | int(11)     | NO   | PRI | NULL    | auto_increment |
| typename | varchar(50) | NO   |     | NULL    |                |
+----------+-------------+------+-----+---------+----------------+
2 rows in set (0.021 sec)
MariaDB [dbms_exam]> DESCRIBE ACCOUNT;
+------------+---------+------+-----+---------+----------------+
| Field      | Type    | Null | Key | Default | Extra          |
+------------+---------+------+-----+---------+----------------+
| acc_id     | int(11) | NO   | PRI | NULL    | auto_increment |
| acc_number | int(11) | NO   |     | NULL    |                |
| typeid     | int(11) | NO   | MUL | NULL    |                |
| custid     | int(11) | NO   | MUL | NULL    |                |
+------------+---------+------+-----+---------+----------------+
4 rows in set (0.009 sec)

MariaDB [dbms_exam]> DESCRIBE SAVINGS;
+-----------+---------+------+-----+---------+----------------+
| Field     | Type    | Null | Key | Default | Extra          |
+-----------+---------+------+-----+---------+----------------+
| saving_id | int(11) | NO   | PRI | NULL    | auto_increment |
| amount    | int(11) | NO   |     | NULL    |                |
| date      | date    | NO   |     | NULL    |                |
| cust_id   | int(11) | NO   | MUL | NULL    |                |
+-----------+---------+------+-----+---------+----------------+
4 rows in set (0.022 sec)

3) MariaDB [dbms_exam]> SELECT acc_id, acc_number, typename FROM ACOUNT JOIN Type WHERE Type.type_id = acount.typeid;
+--------+------------+----------+
| acc_id | acc_number | typename |
+--------+------------+----------+
|      1 |       1000 | saving   |
|      2 |       2000 | ordinay  |
|      3 |       1500 | saving   |
|      4 |       2500 | saving   |
+--------+------------+----------+
4 rows in set (0.001 sec)

4)  
ALTER TABLE CUSTOMER ADD acc_id int NOT NULL;
Query OK, 0 rows affected (0.025 sec)
Records: 0  Duplicates: 0  Warnings: 0

ALTER TABLE CUSTOMER ADD FOREIGN KEY(acc_id) REFERENCES acount (acc_id);
Query OK, 4 rows affected (0.082 sec)
Records: 4  Duplicates: 0  Warnings: 0


MariaDB [dbms_exam]>  SELECT * FROM CUSTOMER NATURAL JOIN ACOUNT;
+--------+---------+--------+--------+-----------------+--------------+--------------+--------+--------+------------+--------+--------+
| acc_id | cust_id | L_name | gender | maritual_status | phone_number | email        | AMOUNT | F_name | acc_number | typeid | custid |
+--------+---------+--------+--------+-----------------+--------------+--------------+--------+--------+------------+--------+--------+
|      1 |       1 | claude | male   | single          |    783000256 | claude@gmail |    200 | IRANZI |       1000 |      1 |      2 |
|      2 |       2 | uwera  | female | maried          |     78234823 | uwera@gmail  |     13 | BELYSE |       2000 |      2 |      1 |
|      2 |       4 | nadia  | female | engaged         |     78238837 | nadia@gmail  |    400 | UWERA  |       2000 |      2 |      1 |
|      3 |       3 | keza   | female | single          |      7822772 | keza@gmail   |    340 | NADIA  |       1500 |      1 |      1 |
+--------+---------+--------+--------+-----------------+--------------+--------------+--------+--------+------------+--------+--------+
4 rows in set (0.001 sec)

5)
ALTER TABLE CUSTOMER ADD AMOUNT INT NOT NULL;
Query OK, 0 rows affected (0.024 sec)
Records: 0  Duplicates: 0  Warnings: 0

MariaDB [dbms_exam]> SELECT * from customer WHERE gender = "female"
    -> ;
+---------+--------+--------+-----------------+--------------+-------------+--------+--------+--------+
| cust_id | L_name | gender | maritual_status | phone_number | email       | acc_id | AMOUNT | F_name |
+---------+--------+--------+-----------------+--------------+-------------+--------+--------+--------+
|       2 | uwera  | female | maried          |     78234823 | uwera@gmail |      2 |     13 | BELYSE |
|       3 | keza   | female | single          |      7822772 | keza@gmail  |      3 |    340 | NADIA  |
|       4 | nadia  | female | engaged         |     78238837 | nadia@gmail |      2 |    400 | UWERA  |
+---------+--------+--------+-----------------+--------------+-------------+--------+--------+--------+
3 rows in set (0.001 sec)

6) MariaDB [dbms_exam]> SELECT AVG(amount) FROM CUSTOMER;
+-------------+
| AVG(amount) |
+-------------+
|    297.5000 |
+-------------+
1 row in set (0.001 sec)


MariaDB [dbms_exam]> SELECT * from customer WHERE amount < 297.5000;
+---------+--------+--------+-----------------+--------------+--------------+--------+--------+--------+
| cust_id | L_name | gender | maritual_status | phone_number | email        | acc_id | AMOUNT | F_name |
+---------+--------+--------+-----------------+--------------+--------------+--------+--------+--------+
|       1 | claude | male   | single          |    783000256 | claude@gmail |      1 |    200 | IRANZI |
|       2 | uwera  | female | maried          |     78234823 | uwera@gmail  |      2 |     13 | BELYSE |
+---------+--------+--------+-----------------+--------------+--------------+--------+--------+--------+
2 rows in set (0.001 sec)

7)
MariaDB [dbms_exam]>  SELECT * FROM customer, acount, Type WHERE customer.acc_id = acount.acc_id AND acount.typeid = type.type_id;


| cust_id | L_name | gender | maritual_status | phone_number | email        | acc_id | AMOUNT | F_name | acc_id | acc_number | typeid | custid | type_id | typename |
+---------+--------+--------+-----------------+--------------+--------------+--------+--------+--------+--------+------------+--------+--------+---------+----------+
|       1 | claude | male   | single          |    783000256 | claude@gmail |      1 |    200 | IRANZI |      1 |       1000 |      1 |      2 |       1 | saving   |
|       2 | uwera  | female | maried          |     78234823 | uwera@gmail  |      2 |     13 | BELYSE |      2 |       2000 |      2 |      1 |       2 | ordinay  |
|       3 | keza   | female | single          |      7822772 | keza@gmail   |      3 |    340 | NADIA  |      3 |       1500 |      1 |      1 |       1 | saving   |
|       4 | nadia  | female | engaged         |     78238837 | nadia@gmail  |      2 |    400 | UWERA  |      2 |       2000 |      2 |      1 |       2 | ordinay  |
+---------+--------+--------+-----------------+--------------+--------------+--------+--------+--------+--------+------------+--------+--------+---------+----------+
4 rows in set (0.001 sec)
8)
MariaDB [dbms_exam]> SELECT MAX(amount) FROM CUSTOMER;
+-------------+
| MAX(amount) |
+-------------+
|         400 |
+-------------+
1 row in set (0.001 sec)

MariaDB [dbms_exam]> SELECT * FROM CUSTOMER WHERE customer.gender = "female" and amount = 400;
+---------+--------+--------+-----------------+--------------+-------------+--------+--------+--------+
| cust_id | L_name | gender | maritual_status | phone_number | email       | acc_id | AMOUNT | F_name |
+---------+--------+--------+-----------------+--------------+-------------+--------+--------+--------+
|       4 | nadia  | female | engaged         |     78238837 | nadia@gmail |      2 |    400 | UWERA  |
+---------+--------+--------+-----------------+--------------+-------------+--------+--------+--------+
1 row in set (0.001 sec)

9)
MariaDB [dbms_exam]> SELECT AVG(AMOUNT) FROM CUSTOMER WHERE customer.gender= "female";
+-------------+
| AVG(AMOUNT) |
+-------------+
|    330.0000 |
+-------------+
1 row in set (0.001 sec)

MariaDB [dbms_exam]> SELECT MAX(AMOUNT) FROM CUSTOMER WHERE customer.gender= "male";
+-------------+
| MAX(AMOUNT) |
+-------------+
|         200 |
+-------------+
1 row in set (0.001 sec)



MariaDB [dbms_exam]> SELECT * FROM CUSTOMER WHERE AMOUNT BETWEEN 200 AND 330;
+---------+--------+--------+-----------------+--------------+--------------+--------+--------+--------+
| cust_id | L_name | gender | maritual_status | phone_number | email        | acc_id | AMOUNT | F_name |
+---------+--------+--------+-----------------+--------------+--------------+--------+--------+--------+
|       1 | claude | male   | single          |    783000256 | claude@gmail |      1 |    200 | IRANZI |
+---------+--------+--------+-----------------+--------------+--------------+--------+--------+--------+
1 row in set (0.001 sec)

10)

MariaDB [dbms_exam]> SELECT * FROM CUSTOMER WHERE MARITUAL_STATUS = "MARIED";
+---------+--------+--------+-----------------+--------------+-------------+--------+--------+--------+
| cust_id | L_name | gender | maritual_status | phone_number | email       | acc_id | AMOUNT | F_name |
+---------+--------+--------+-----------------+--------------+-------------+--------+--------+--------+
|       2 | uwera  | female | maried          |     78234823 | uwera@gmail |      2 |     13 | BELYSE |
+---------+--------+--------+-----------------+--------------+-------------+--------+--------+--------+
1 row in set (0.001 sec)

11)
MariaDB [dbms_exam]> SELECT F_NAME,  L_name, acc_number, amount FROM customer, acount, Type WHERE customer.acc_id = acount.acc_id AND acount.t
ypeid = type.type_id AND customer.maritual_status = "single";
+--------+------------+--------+
| L_name | acc_number | amount |
+--------+------------+--------+
| claude |       1000 |    200 |
| keza   |       1500 |    340 |
+--------+------------+--------+
2 rows in set (0.001 sec)

12)
MariaDB [dbms_exam]> INSERT INTO TYPE (typename) VALUES
    -> ("saving"), ("ordinay");
Query OK, 2 rows affected (0.015 sec)
Records: 2  Duplicates: 0  Warnings: 0

MariaDB [dbms_exam]> INSERT INTO CUSTOMER (L_name, gender, maritual_status, phone_number, email) VALUES
    -> ("claude", "male", "single", 783000256, "claude@gmail"),
    -> ("uwera", "female", "maried", 78234823, "uwera@gmail"),
    -> ("keza", "female", "single", 7822772, "keza@gmail"),
    -> ("nadia", "female", "engaged", 78238837, "nadia@gmail");
Query OK, 4 rows affected (0.016 sec)
Records: 4  Duplicates: 0  Warnings: 0

MariaDB [dbms_exam]> INSERT INTO ACOUNT (acc_number, typeid, custid) VALUES
    -> (1000, 1, 2), (2000, 2, 1), (1500, 1, 1), (2500, 1, 3);
Query OK, 4 rows affected (0.018 sec)
Records: 4  Duplicates: 0  Warnings: 0

MariaDB [dbms_exam]> INSERT INTO SAVINGS(amount,date,cust_id) VALUES
    -> (2500, "2002-01-12", 2), (3000, "2012-12-23", 2), (4000, "2020-01-01", 1);
Query OK, 3 rows affected (0.019 sec)
Records: 3  Duplicates: 0  Warnings: 0

13)
MariaDB [dbms_exam]> UPDATE CUSTOMER SET AMOUNT = AMOUNT * 5 / 100 WHERE maritual_status = "maried";
Query OK, 1 row affected (0.003 sec)
Rows matched: 1  Changed: 1  Warnings: 0


14)
MariaDB [dbms_exam]> CREATE TABLE CHILD (
    -> ID int auto_increment primary key,
    -> Full_name varchar(24) not null,
    -> customer_id int NOT NULL,
    -> FOREIGN KEY (customer_id) REFERENCES CUSTOMER (cust_id));
Query OK, 0 rows affected (0.036 sec)

15)

MariaDB [dbms_exam]> ALTER TABLE CHILD DROP ID;
Query OK, 0 rows affected (0.072 sec)
Records: 0  Duplicates: 0  Warnings: 0

16)
MariaDB [dbms_exam]> ALTER TABLE CHILD ADD adress varchar(50) NOT NULL;
Query OK, 0 rows affected (0.024 sec)
Records: 0  Duplicates: 0  Warnings: 0

17)
MariaDB [dbms_exam]> DROP TABLE CHILD;
Query OK, 0 rows affected (0.024 sec)



Q9) MariaDB [DBMS_EXAM]> CREATE TABLE EMPLOYEES (
    -> employee_id int auto_increment primary key,
    -> first_name char(50) NOT NULL,
    -> last_name char(50) NOT NULL,
    -> email VARCHAR(250) NOT NULL,
    -> phone_number INT(10) NOT NULL,
    -> hire_date DATE NOT NULL,
    -> job_id int NOT NULL,
    -> salary int NOT NULL,
    -> commission_pct DECIMAL(2,2) NOT NULL,
    -> manager_id int NOT NULL,
    -> department_id int NOT NULL);
Query OK, 0 rows affected (0.036 sec)

MariaDB [DBMS_EXAM]> INSERT INTO EMPLOYEES VALUES
    -> ("", "Uwera", "Nadia", "nadia@gmail.com", 783003516, "2002-01-15", 1, 2000, 1000, 2, 3),
    -> ("", "John", "Smith", "john@gmail.com", 782003516, "2012-01-11", 2, 1500, 1000, 1, 70),
    -> ("", "Ishimwe", "kenny", "kenny@gmail.com", 783003516, "2013-11-10", 2, 6000, 2000, 3, 80),
    -> ("", "Uwineza", "Nadia", "uwineza@gmail.com", 783002516, "2022-06-05", 2, 3500, 1200, 1, 3),
    -> ("", "isubirizigihe", "luoange", "ishimwe@gmail.com", 783003516, "2021-11-30", 2, 4000, 1600, 3, 60),
    -> ("", "Musabika", "fidele", "iranzi@gmail.com", 783013516, "2010-11-15", 1, 1300, 1030, 2, 3),
    -> ("", "Rwigamba", "claude", "claude@gmail.com", 783023516, "2011-11-05", 2, 3100, 1020, 2, 3);
Query OK, 7 rows affected, 14 warnings (0.018 sec)
Records: 7  Duplicates: 0  Warnings: 14

A) MariaDB [DBMS_EXAM]> SELECT employee_id, first_name, last_name, salary FROM employee;
+-------------+---------------+-----------+--------+
| employee_id | first_name    | last_name | salary |
+-------------+---------------+-----------+--------+
|           1 | Uwera         | Nadia     |   2000 |
|           2 | John          | Smith     |   1500 |
|           3 | Ishimwe       | kenny     |   6000 |
|           4 | Uwineza       | Nadia     |   3500 |
|           5 | isubirizigihe | luoange   |   4000 |
|           6 | Musabika      | fidele    |   1300 |
|           7 | Rwigamba      | claude    |   3100 |
+-------------+---------------+-----------+--------+
7 rows in set (0.001 sec)

B)MariaDB [DBMS_EXAM]> SELECT employee_id, first_name, last_name, manager_id, salary FROM employee WHERE manager_id = 100;
+-------------+---------------+-----------+------------+--------+
| employee_id | first_name    | last_name | manager_id | salary |
+-------------+---------------+-----------+------------+--------+
|           1 | Uwera         | Nadia     |        100 |   2000 |
|           5 | isubirizigihe | luoange   |        100 |   4000 |
+-------------+---------------+-----------+------------+--------+
2 rows in set (0.001 sec)

C) MariaDB [DBMS_EXAM]> SELECT employee_id, first_name, last_name, salary FROM employee WHERE salary >= 4800;
+-------------+------------+-----------+--------+
| employee_id | first_name | last_name | salary |
+-------------+------------+-----------+--------+
|           3 | Ishimwe    | kenny     |   6000 |
+-------------+------------+-----------+--------+
1 row in set (0.001 sec)


D) MariaDB [DBMS_EXAM]> UPDATE EMPLOYEE SET last_name = "austin" WHERE employee_id = 1;
Query OK, 1 row affected (0.018 sec)
Rows matched: 1  Changed: 1  Warnings: 0


MariaDB [DBMS_EXAM]> SELECT employee_id, first_name, last_name, salary FROM employees WHERE last_name = "austin";
+-------------+------------+-----------+--------+
| employee_id | first_name | last_name | salary |
+-------------+------------+-----------+--------+
|           1 | Uwera      | austin    |   2000 |
+-------------+------------+-----------+--------+
1 row in set (0.001 sec)

E)MariaDB [DBMS_EXAM]> SELECT employee_id, first_name, last_name, salary FROM employees WHERE department_id in("60", "70", "80");
+-------------+---------------+-----------+--------+
| employee_id | first_name    | last_name | salary |
+-------------+---------------+-----------+--------+
|           2 | John          | Smith     |   1500 |
|           3 | Ishimwe       | kenny     |   6000 |
|           5 | isubirizigihe | luoange   |   4000 |
+-------------+---------------+-----------+--------+
3 rows in set (0.001 sec)
